BranchNumber,BranchZipCode,HousedHardwareType
100,82196,Aeneancl
100,82196,dapibuscl
100,82196,nunc.cl
100,82196,EntServerType
100,82196,server
101,82196,risus.cl
101,82196,risus.cl
102,82196,Nuncl
102,82196,portacl
103,82196,ipsumpr1
103,82196,nasceturcl
103,82196,luctuspr2
103,82196,portacl
105,65261,server
106,65261,eucl
107,65261,blanditcl
107,65261,risuscl
107,65261,loremcl
108,78451,server
108,78451,ipsumcl
109,78451,necatrcl
109,78451,ipsumcl
109,78451,tortorpr1
109,78451,ultriciespr2
110,78451,bloomcl
111,78451,silvercl
112,78451,super
113,66398,server
113,66398,ametcl
113,66398,portacl
114,28667,server
116,77034,goldcl
116,77034,etcl
117,77034,ornarecl
117,77034,Suspendisseclcl
117,77034,silvercl
118,77034,trunccl
119,77034,sericl
120,77034,trascl
121,77034,molestiepr3
121,77034,enimpr1
121,77034,ipsumpr2cl
121,77034,road
121,77034,risus.
122,90759,server
123,90759,jone
124,90759,jinu
126,72206,et
126,72206,server
127,72206,ipsum.
